Position,Course Title,Course Link
1,"Blockchain and Bitcoin Fundamentals
Learn the key elements of blockchain and Bitcoin in this bestselling video course and accompanying PDF glossary.Rating: 4.6 out of 543099 reviews3 total hours43 lecturesBeginnerCurrent price: ₹599Original price: ₹3,999",https://www.udemy.com/course/blockchain-and-bitcoin-fundamentals/
2,"Blockchain A-Z: Build a Blockchain, a Crypto + ChatGPT Prize
Harness the power of the most disruptive technology since the internet through real life examples! Master Blockchain NowRating: 4.7 out of 522249 reviews14.5 total hours99 lecturesAll LevelsCurrent price: ₹549Original price: ₹3,499",https://www.udemy.com/course/build-your-blockchain-az/
3,"Ethereum Blockchain Developer Bootcamp With Solidity (2024)
Become An Ethereum Blockchain Developer With One Course. Master Solidity, Web3.JS, Truffle, Metamask, Remix &amp; More!Rating: 4.5 out of 511186 reviews26 total hours298 lecturesAll LevelsCurrent price: ₹499Original price: ₹3,099",https://www.udemy.com/course/blockchain-developer/
4,"Blockchain for Business: The New Industrial Revolution
Blockchain Technology Will Transform How Businesses Operate. Do You Want to Be a Part of the Blockchain Journey?Rating: 4.6 out of 58879 reviews6 total hours71 lecturesAll LevelsCurrent price: ₹599Original price: ₹3,999",https://www.udemy.com/course/blockchain-for-business-the-new-industrial-revolution/
5,"Introduction to Blockchain: Industry Applications + ChatGPT
Learn how Blockchain most disruptive technology right now, influencing industriesRating: 4.5 out of 55456 reviews2.5 total hours29 lecturesBeginnerCurrent price: ₹599Original price: ₹3,699",https://www.udemy.com/course/blockchain-introduction/
6,"Build a Blockchain and a Cryptocurrency from Scratch
Updated for 2022-23: Build a blockchain and cryptocurrency. Discover the engineering ideas behind Bitcoin and Ethereum!Rating: 4.2 out of 53523 reviews7.5 total hours74 lecturesIntermediateCurrent price: ₹549Original price: ₹2,999",https://www.udemy.com/course/build-blockchain/
7,"Blockchain applications in Food Safety, Healthcare & Pharma
Best course to learn about Blockchain Business Applications in Pharma, Food Safety, Healthcare and Insurance IndustriesRating: 4.5 out of 53491 reviews1.5 total hours33 lecturesAll LevelsCurrent price: ₹549Original price: ₹2,799",https://www.udemy.com/course/industrial-applications-use-cases-of-blockchain-technology/
8,"The Basics of Blockchain: Ethereum, Bitcoin, & More
TED Speaker Bettina Warburg connects the dots between the business, economics, and technology of Blockchain.Rating: 4.1 out of 53360 reviews3.5 total hours51 lecturesBeginnerCurrent price: ₹499Original price: ₹1,999",https://www.udemy.com/course/the-basics-of-blockchain/
9,"Build a Blockchain & Cryptocurrency | Full-Stack Edition
Updated for 2024: full-stack blockchain+crypto course! A backend + frontend with Node.js, Express, React, &amp; more!Rating: 4.5 out of 52610 reviews15 total hours138 lecturesIntermediateCurrent price: ₹549Original price: ₹3,499",https://www.udemy.com/course/build-blockchain-full-stack/
10,"Blockchain Development on Hyperledger Fabric using Composer
Learn to develop Network Applications on Hyperledger Fabric & Composer TechnologyRating: 3.9 out of 52268 reviews8.5 total hours89 lecturesIntermediateCurrent price: ₹599Original price: ₹3,999",https://www.udemy.com/course/hyperledger/
11,"Blockchain Advanced Level: Uses Beyond Bitcoin
Learn and understand real world applications of blockchain technology beyond Bitcoin.Rating: 4.7 out of 52179 reviews2 total hours24 lecturesIntermediateCurrent price: ₹499Original price: ₹2,499",https://www.udemy.com/course/blockchain-advanced-uses-beyond-bitcoin-2018/
12,"Learn Blockchain By Building Your Own In JavaScript
Code out your very own Blockchain and decentralized network in the JavaScript programming language.Rating: 4.7 out of 52103 reviews8 total hours75 lecturesIntermediateCurrent price: ₹549Original price: ₹3,299",https://www.udemy.com/course/build-a-blockchain-in-javascript/
13,"Learn Blockchain Technology & Cryptocurrency in Java
Everything you Need to Know About Blockchains, Cryptocurrencies and Other Altcoins (Layer-1 and Layer-2 Scaling)Rating: 4.7 out of 51496 reviews7 total hours64 lecturesAll LevelsCurrent price: ₹549Original price: ₹3,499",https://www.udemy.com/course/learn-blockchain-technology-in-java/
14,"Blockchain and Healthcare
Giving non-technical minds an in-depth understanding of blockchain's implications in healthcareRating: 4.6 out of 51201 reviews1.5 total hours14 lecturesAll LevelsCurrent price: ₹549Original price: ₹2,299",https://www.udemy.com/course/blockchain-and-healthcare/
15,"Blockchain For Finance: Using Blockchain & Smart Contracts
Emerging Blockchain & Smart Contract Applications Are Impacting The Financial Industry Today! Get Smart on Blockchain.Rating: 4.5 out of 5957 reviews2.5 total hours38 lecturesAll LevelsCurrent price: ₹549Original price: ₹2,899",https://www.udemy.com/course/blockchain-for-finance-blockchain-smart-contracts/
16,"Blockchain & Cryptocurrency (Bitcoin, Ethereum) Essentials
Learn everything about Bitcoin, Ethereum, Ripple, Litecoin, Bitcoin Trading, Mining, ICO, Altcoins, DAO, Investing etcRating: 3.7 out of 5789 reviews9.5 total hours109 lecturesAll LevelsCurrent price: ₹499Original price: ₹1,799",https://www.udemy.com/course/bitcoin-ethereum-blockchain/
17,"Build a Blockchain & Cryptocurrency using Python
Discover the engineering ideas behind the blockchain technology & build your own blockchain-based bitcoin networkRating: 4.1 out of 5627 reviews8.5 total hours41 lecturesAll LevelsCurrent price: ₹499Original price: ₹2,699",https://www.udemy.com/course/build-a-blockchain-cryptocurrency-using-python/
18,"Blockchain Web Development on Ethereum
The only course you need to learn development of decentralized web application powered by Ethereum blockchain!Rating: 3.4 out of 5623 reviews3 total hours40 lecturesBeginnerCurrent price: ₹499Original price: ₹1,999",https://www.udemy.com/course/complete-blockchain-web-application-course-on-ethereum/
19,"Blockchain - Complete Blockchain Course for Beginners.
Blockchain Technology, Blockchain of Smart Contracts, Ethereum Blockchain, Blockhain Architecture of Hyperledger & CordaRating: 4.7 out of 5622 reviews2.5 total hours32 lecturesBeginnerCurrent price: ₹599Original price: ₹2,799",https://www.udemy.com/course/learn-blockchain-technology-and-cryptocurrency-for-beginners/
20,"The Complete Blockchain Professional Course
Learn in depth about the Fundamentals of Blockchain, Blockchain Architecture and various Blockchain Use Cases.Rating: 3.7 out of 5603 reviews6 total hours66 lecturesAll LevelsCurrent price: ₹549Original price: ₹2,799",https://www.udemy.com/course/the-complete-blockchain-professional-course/
