"selection1_name","selection1_url"
"The Data Science Course: Complete Data Science Bootcamp 2024
Complete <strong>Data</strong> Science Training: Math, Statistics, Python, Advanced Statistics in Python, Machine and Deep LearningRating: 4.6 out of 5145863 reviews32 total hours520 lecturesAll LevelsCurrent price: $129.99","https://www.udemy.com/course/the-data-science-course-complete-data-science-bootcamp/"
"100 Days of Code: The Complete Python Pro Bootcamp
Master Python by building 100 projects in 100 days. Learn <strong>data</strong> science, automation, build websites, games and apps!Rating: 4.7 out of 5329306 reviews56.5 total hours592 lecturesAll LevelsCurrent price: $124.99","https://www.udemy.com/course/100-days-of-code/"
"Become a Data Scientist: SQL, Tableau, ML & DL [4-in-1]
4-in-1 Bundle covering the 4 essential topics for a <strong>data</strong> <strong>scientist</strong> - SQL, Tableau, Machine & Deep Learning using PythonRating: 4.5 out of 591 reviews37 total hours334 lecturesBeginnerCurrent price: $79.99","https://www.udemy.com/course/become-a-data-scientist/"
"Complete Data Analyst Bootcamp From Basics To Advanced
Master <strong>Data</strong> Analysis: Python, Statistics, EDA, Feature Engineering, Power BI, and SQL Server in Comprehensive BootcampRating: 4.5 out of 51279 reviews65 total hours342 lecturesAll LevelsCurrent price: $44.99","https://www.udemy.com/course/complete-data-analyst-bootcamp-from-basics-to-advanced/"
"Complete A.I. & Machine Learning, Data Science Bootcamp
Learn <strong>Data</strong> Science, <strong>Data</strong> Analysis, Machine Learning (Artificial Intelligence) and Python with Tensorflow, Pandas &amp; more!Rating: 4.6 out of 524251 reviews44 total hours384 lecturesAll LevelsCurrent price: $129.99","https://www.udemy.com/course/complete-machine-learning-and-data-science-zero-to-mastery/"
"Machine Learning A-Z: AI, Python & R + ChatGPT Prize [2024]
Learn to create Machine Learning Algorithms in Python and R from two <strong>Data</strong> Science experts. Code templates included.Rating: 4.5 out of 5190664 reviews43 total hours387 lecturesAll LevelsCurrent price: $149.99","https://www.udemy.com/course/machinelearning/"
"Python for Data Science and Machine Learning Bootcamp
Learn how to use NumPy, Pandas, Seaborn , Matplotlib , Plotly , Scikit-Learn , Machine Learning, Tensorflow , and more!Rating: 4.6 out of 5146603 reviews25 total hours165 lecturesAll LevelsCurrent price: $124.99","https://www.udemy.com/course/python-for-data-science-and-machine-learning-bootcamp/"
"Python for Machine Learning & Data Science Masterclass
Learn about <strong>Data</strong> Science and Machine Learning with Python! Including Numpy, Pandas, Matplotlib, Scikit-Learn and more!Rating: 4.7 out of 516263 reviews44 total hours231 lecturesAll LevelsCurrent price: $129.99","https://www.udemy.com/course/python-for-machine-learning-data-science-masterclass/"
"The Data Analyst Course: Complete Data Analyst Bootcamp
Complete <strong>Data</strong> Analyst Training: Python, NumPy, Pandas, <strong>Data</strong> Collection, Preprocessing, <strong>Data</strong> Types, <strong>Data</strong> VisualizationRating: 4.5 out of 518579 reviews21 total hours277 lecturesAll LevelsCurrent price: $149.99","https://www.udemy.com/course/the-data-analyst-course-complete-data-analyst-bootcamp/"
"Data Science A-Z: Hands-On Exercises & ChatGPT Prize [2024]
Learn <strong>Data</strong> Science step by step through real Analytics examples. <strong>Data</strong> Mining, Modeling, Tableau Visualization and more!Rating: 4.6 out of 534192 reviews21 total hours217 lecturesAll LevelsCurrent price: $139.99","https://www.udemy.com/course/datascience/"
"The Top Data Scientist â„¢ BootCamp
Python | SQL | Machine Learning | Deep Learning | ChatGPT | Natural Language Processing | Computer Vision | 20+ ProjectsRating: 4.6 out of 515 reviews38.5 total hours435 lecturesAll LevelsCurrent price: $49.99","https://www.udemy.com/course/top-data-scientist/"
"Data Science Real World Projects in Python
Build <strong>Data</strong> science Real world Projects in AI, ML , NLP and Time Series domain & get a job of <strong>Data</strong> <strong>Scientist</strong>/ML EngineerRating: 4.3 out of 51297 reviews11 total hours71 lecturesAll LevelsCurrent price: $79.99","https://www.udemy.com/course/data-science-real-world-projects-in-python-x/"
"ML in Production: From Data Scientist to ML Engineer
Turn any ML model within Jupyter Notebook into a deployed production-ready microservice.Rating: 4.7 out of 5136 reviews5.5 total hours23 lecturesAll LevelsCurrent price: $19.99","https://www.udemy.com/course/ml-in-production/"
"Healthcare NLP for Data Scientists
Unlock your NLP power with Healthcare NLP, the most popular NLP library in the healthcare industryRating: 4.9 out of 55 reviews13.5 total hours82 lecturesIntermediateCurrent price: $19.99","https://www.udemy.com/course/healthcare-nlp-for-data-scientists/"
"Python Data Science: Data Prep & EDA with Python
Learn Python + Pandas for <strong>data</strong> cleaning, profiling &amp; EDA, and prep <strong>data</strong> for machine learning &amp; <strong>data</strong> science with PythonRating: 4.7 out of 5966 reviews8.5 total hours180 lecturesAll LevelsCurrent price: $84.99","https://www.udemy.com/course/data-science-in-python-data-prep-eda/"
"Data Architecture for Data Scientists
Datawarehouse, <strong>Data</strong> Lake, <strong>Data</strong> Lakehouse, <strong>Data</strong> Mesh, Kafka, Lambda &amp; Kappa architecture, Feature Store, Vector DB &amp; moreRating: 4.5 out of 5562 reviews2.5 total hours37 lecturesIntermediateCurrent price: $69.99","https://www.udemy.com/course/data-architecture-for-data-scientists/"
"Learn Pro Advanced Python Programming
Become a Professional Python Programmer by learning Advance Level Programming & using them to make real ApplicationsRating: 4.3 out of 5845 reviews26.5 total hours174 lecturesExpertCurrent price: $64.99","https://www.udemy.com/course/learn-pro-advanced-python-programming/"
"Want to be a Big Data Scientist?
Should you pursue a career in <strong>Data</strong> Science? <strong>Data</strong> Science basics, process, team, roles, skills, transition, opportunitiesRating: 4.6 out of 5973 reviews1.5 total hours13 lecturesBeginnerCurrent price: $49.99","https://www.udemy.com/course/what-to-be-a-big-data-scientist/"
"Generative AI for Data Engineering and Data Professionals
Work Faster with Practical Gen AI for <strong>Data</strong> Engineering | For all <strong>Data</strong> Professionals (Engineers, Analysts, <strong>Scientists</strong>)Rating: 4.5 out of 570 reviews5.5 total hours56 lecturesAll LevelsCurrent price: $49.99","https://www.udemy.com/course/generative-ai-for-data/"
"Data Scientist Certification: Test Your Skills with Tests
Prepare for Certification as a <strong>Data</strong> <strong>Scientist</strong> - Validate Your Skills and Excel in <strong>Data</strong> Science!Rating: 4.8 out of 539 reviews205 questionsBeginnerCurrent price: $44.99","https://www.udemy.com/course/questions-job-interview-data-scientist/"